country,year,population,gdp,co2,co2_per_capita,coal_co2,oil_co2,gas_co2,cement_co2,methane,nitrous_oxide,total_ghg,temperature_change_from_co2
Brazil,1990,149143223.0,1185475140000.0,218.658,1.466,37.095,151.775,7.484,11.062,365.41,100.456,2105.299,0.03
Brazil,1991,151724253.0,1213090136106.0,229.394,1.512,42.466,156.7,7.336,11.776,373.664,103.996,2189.194,0.031
Brazil,1992,154275077.0,1221828516629.0,233.601,1.514,41.203,163.252,7.983,9.77,379.587,106.648,2267.928,0.031
Brazil,1993,156794574.0,1298220757545.0,244.306,1.558,42.343,171.252,8.73,10.164,382.577,110.082,2282.487,0.032
Brazil,1994,159265011.0,1391783970549.0,254.002,1.595,43.664,179.165,8.985,10.086,391.601,111.742,2672.895,0.033
Brazil,1995,161735079.0,1468835128486.0,268.678,1.661,45.582,190.347,9.603,11.528,397.709,113.545,2645.838,0.034
Brazil,1996,164202549.0,1520364859776.0,289.311,1.762,46.471,206.279,10.608,13.884,387.277,109.087,2586.919,0.035
Brazil,1997,166661662.0,1591956040321.0,306.949,1.842,47.047,219.83,11.863,15.267,396.153,111.744,2696.838,0.036
Brazil,1998,169159651.0,1617675773756.0,317.359,1.876,45.591,229.578,12.411,16.175,404.289,122.874,2929.596,0.037
Brazil,1999,171641544.0,1645887982219.0,327.256,1.907,46.805,235.468,14.069,16.439,410.408,123.775,2965.704,0.038
Brazil,2000,174018278.0,1739728033832.0,340.183,1.955,50.457,239.491,18.443,16.047,417.31,123.375,2823.803,0.039
Brazil,2001,176301201.0,1785513006345.0,346.166,1.963,49.43,241.792,23.185,15.227,429.615,127.265,2783.375,0.04
Brazil,2002,178503485.0,1861742323845.0,347.765,1.948,48.689,239.219,29.293,14.39,450.588,132.379,2981.136,0.041
Brazil,2003,180622688.0,1904932706436.0,344.645,1.908,51.933,232.434,30.919,13.096,471.538,137.421,3846.776,0.043
Brazil,2004,182675144.0,2038447931287.0,361.434,1.979,53.833,239.768,38.215,13.273,494.991,145.924,3313.758,0.044
Brazil,2005,184688101.0,2129214530430.0,364.371,1.973,50.952,240.218,39.619,14.349,497.686,145.947,3057.048,0.045
Brazil,2006,186653099.0,2240805319046.0,368.871,1.976,50.835,242.251,42.053,15.44,493.284,143.004,2819.171,0.046
Brazil,2007,188552311.0,2405626901513.0,390.573,2.071,54.989,256.003,43.246,17.2,491.52,155.795,2745.828,0.047
Brazil,2008,190367297.0,2559842659987.0,412.638,2.168,55.315,267.239,51.303,18.884,488.155,148.711,2616.45,0.048
Brazil,2009,192079958.0,2589568436235.0,389.775,2.029,43.586,262.705,40.959,19.031,486.858,144.287,2432.428,0.049
Brazil,2010,193701931.0,2820492538862.0,440.269,2.273,56.688,286.08,55.049,21.288,507.871,162.328,2422.236,0.049
Brazil,2011,195284736.0,2968455007203.0,461.911,2.365,62.292,303.885,53.101,22.176,505.267,159.959,2379.088,0.05
Brazil,2012,196876113.0,3025484250011.0,497.468,2.527,61.016,327.734,63.397,24.157,506.852,161.607,2503.241,0.051
Brazil,2013,198478290.0,3116394665745.0,531.569,2.678,65.604,342.338,74.704,25.803,506.459,161.161,2568.796,0.052
Brazil,2014,200085126.0,3132099937531.0,556.526,2.781,69.037,356.751,81.285,25.533,512.64,167.812,2628.207,0.053
Brazil,2015,201675534.0,3021043246476.0,528.174,2.619,69.455,330.356,80.464,23.903,521.174,165.629,2617.904,0.054
Brazil,2016,203218108.0,2922076150345.0,491.745,2.42,63.828,312.942,69.666,21.412,524.133,164.676,2512.195,0.054
Brazil,2017,204703440.0,2960731613785.0,497.255,2.429,67.318,315.045,70.688,20.306,522.645,173.265,2431.265,0.055
Brazil,2018,206107265.0,3013541086239.0,476.601,2.312,65.837,298.889,67.418,20.559,522.116,167.676,2423.189,0.056
Brazil,2019,207455459.0,3050327159562.0,476.724,2.298,61.885,302.98,67.122,20.841,528.946,175.207,2468.734,0.057
Brazil,2020,208660845.0,2950377451264.0,447.999,2.147,55.949,285.284,59.027,23.843,535.772,183.761,2571.217,0.058
Brazil,2021,209550291.0,3097565215045.0,496.562,2.37,67.936,303.465,75.975,25.288,545.361,189.952,2774.466,0.059
Brazil,2022,210306411.0,3187412907763.0,480.058,2.283,56.112,315.339,60.086,24.625,566.221,194.986,2875.004,0.06
Brazil,2023,211140731.0,,483.992,2.292,54.906,323.29,56.12,25.779,566.203,196.181,2817.818,0.06
Brazil,2024,211998565.0,,483.012,2.278,50.954,323.865,58.914,25.381,579.99,203.971,2804.431,0.061
Canada,1990,27789437.0,835996817449.0,458.018,16.482,99.139,212.193,125.706,5.823,97.489,44.935,802.014,0.02
Canada,1991,28157154.0,820274272433.0,449.776,15.974,104.152,199.964,125.276,4.771,99.285,42.125,780.829,0.02
Canada,1992,28500066.0,829742094636.0,463.393,16.259,106.985,202.862,132.473,4.804,103.655,42.163,812.695,0.021
Canada,1993,28830635.0,853775990714.0,464.072,16.096,99.618,206.16,137.022,4.893,105.476,43.854,812.271,0.021
Canada,1994,29147383.0,894851932653.0,478.468,16.415,103.287,211.173,140.26,5.769,109.122,47.992,839.308,0.021
Canada,1995,29459138.0,921360066054.0,491.305,16.678,104.709,213.868,147.985,6.529,112.922,47.888,862.328,0.022
Canada,1996,29767210.0,938872519434.0,507.775,17.058,106.867,220.802,154.547,6.185,114.909,48.086,901.971,0.022
Canada,1997,30059088.0,981728042651.0,522.019,17.366,113.731,228.749,153.155,6.657,117.49,41.082,879.081,0.022
Canada,1998,30329971.0,1022474596969.0,529.615,17.462,119.841,231.618,149.967,6.828,118.379,41.351,882.794,0.023
Canada,1999,30599458.0,1078414980757.0,543.859,17.774,120.136,234.589,162.468,7.118,118.62,40.253,901.371,0.023
Canada,2000,30891800.0,1137681278760.0,566.68,18.344,129.483,237.243,173.031,7.232,121.653,38.863,959.412,0.023
Canada,2001,31213578.0,1161459919261.0,558.981,17.908,126.847,241.282,165.269,6.983,121.985,37.813,947.803,0.024
Canada,2002,31535579.0,1199865635264.0,564.256,17.893,124.528,242.197,171.331,7.148,124.416,38.558,937.466,0.024
Canada,2003,31836483.0,1224575760991.0,581.19,18.255,123.577,257.913,173.956,7.248,123.516,39.308,948.6,0.024
Canada,2004,32132680.0,1265917327101.0,576.286,17.935,116.233,263.667,169.728,7.52,127.205,38.632,948.803,0.025
Canada,2005,32440172.0,1310077836124.0,570.396,17.583,117.261,258.105,168.709,7.614,126.354,39.671,937.127,0.025
Canada,2006,32759174.0,1348293394113.0,566.315,17.287,114.604,256.937,168.049,7.728,129.923,37.06,910.424,0.025
Canada,2007,33092171.0,1379925831954.0,589.956,17.828,119.204,263.617,180.415,7.731,128.17,40.612,907.137,0.026
Canada,2008,33449088.0,1397938727409.0,574.214,17.167,113.144,255.22,180.742,6.988,124.892,39.386,884.187,0.026
Canada,2009,33826370.0,1360538049277.0,541.13,15.997,93.714,251.479,173.864,5.364,118.125,37.796,798.718,0.026
Canada,2010,34196900.0,1406355361431.0,554.307,16.209,96.395,257.185,177.71,6.005,118.916,38.816,796.322,0.027
Canada,2011,34555449.0,1454221365109.0,562.832,16.288,87.382,258.636,193.459,6.02,119.642,41.119,850.878,0.027
Canada,2012,34922513.0,1479829523672.0,561.77,16.086,82.209,258.238,196.532,6.532,122.582,42.91,857.8,0.027
Canada,2013,35293421.0,1514296485427.0,568.59,16.11,79.921,259.85,203.564,5.973,123.239,42.682,864.227,0.028
Canada,2014,35634265.0,1557757464897.0,564.938,15.854,77.558,252.104,210.171,5.912,128.456,42.09,879.992,0.028
Canada,2015,35962236.0,1568025782105.0,563.003,15.655,74.336,251.971,212.68,6.185,127.164,42.069,879.932,0.028
Canada,2016,36353345.0,1583727974022.0,553.707,15.231,74.532,247.842,209.467,6.114,122.513,41.094,846.42,0.029
Canada,2017,36808498.0,1631871440185.0,566.66,15.395,73.963,252.357,217.102,6.863,124.508,41.847,878.589,0.029
Canada,2018,37294996.0,1677189073139.0,575.091,15.42,62.467,258.216,230.629,6.99,125.972,43.702,873.207,0.029
Canada,2019,37782934.0,1708858221312.0,579.007,15.325,59.811,260.942,233.909,7.195,125.164,42.378,861.407,0.029
Canada,2020,38171903.0,1622144486274.0,524.208,13.733,49.442,225.773,224.876,6.713,110.822,44.289,795.989,0.03
Canada,2021,38454058.0,1703443269914.0,537.479,13.977,47.059,233.624,231.229,7.385,114.91,43.141,821.735,0.03
Canada,2022,38821259.0,1761295624423.0,547.658,14.107,39.157,242.291,240.854,6.752,117.055,43.208,815.455,0.03
Canada,2023,39299098.0,,545.479,13.88,36.384,241.526,240.94,7.3,118.72,44.853,825.051,0.031
Canada,2024,39742429.0,,533.34,13.42,28.672,244.572,233.468,7.3,115.338,44.735,802.732,0.031
China,1990,1153582725.0,3385121670000.0,2483.534,2.153,1976.808,330.292,29.301,83.068,867.343,298.926,4205.167,0.044
China,1991,1170788533.0,3508948004345.0,2619.143,2.237,2049.723,356.027,30.778,99.573,870.125,305.411,4315.059,0.046
China,1992,1184574236.0,3755037703201.0,2731.29,2.306,2114.612,385.794,30.239,120.352,873.359,311.31,4445.956,0.047
China,1993,1197308574.0,4126169229667.0,2914.284,2.434,2228.683,428.549,35.728,140.333,876.821,307.525,4591.354,0.049
China,1994,1209003099.0,4438753488140.0,3093.891,2.559,2380.736,423.712,41.568,161.567,900.154,319.726,4901.601,0.05
China,1995,1220133929.0,4809999898743.0,3351.197,2.747,2569.699,468.23,42.436,181.48,949.913,365.036,5151.296,0.052
China,1996,1230944809.0,5127589598793.0,3499.311,2.843,2660.288,510.622,44.47,189.556,970.8,384.1,5359.031,0.054
China,1997,1241139623.0,5291338914515.0,3512.35,2.83,2609.78,557.961,44.158,199.406,928.915,359.304,5318.064,0.056
China,1998,1250847122.0,5338703042331.0,3355.336,2.682,2444.896,559.262,50.501,207.755,934.065,368.418,5195.279,0.057
China,1999,1260176650.0,5578503091801.0,3549.949,2.817,2580.985,596.751,54.572,224.419,937.708,380.822,5342.072,0.059
China,2000,1269581174.0,5952682232028.0,3643.81,2.87,2601.591,648.685,59.796,240.21,950.032,372.301,5282.098,0.061
China,2001,1278725061.0,6329737256820.0,3724.114,2.912,2637.885,659.301,67.158,266.198,957.323,371.259,5282.242,0.063
China,2002,1286866835.0,6814493895929.0,4098.181,3.185,3018.604,653.087,53.993,277.856,961.78,388.482,5600.191,0.065
China,2003,1294517323.0,7248623080792.0,4835.251,3.735,3601.892,727.099,60.745,347.633,1007.435,398.818,6373.199,0.067
China,2004,1302100316.0,7830953177799.0,5210.961,4.002,3835.193,839.096,71.521,362.099,1069.441,418.315,6840.591,0.069
China,2005,1310027135.0,8602939667333.0,5881.991,4.49,4424.24,850.176,84.957,411.643,1119.984,435.414,7551.543,0.072
China,2006,1318054030.0,9489543138489.0,6486.185,4.921,4905.253,898.537,103.753,462.05,1162.008,447.929,8215.579,0.075
China,2007,1325813576.0,10358206113742.0,6974.663,5.261,5289.79,927.355,129.515,506.177,1176.147,458.677,8701.73,0.078
China,2008,1333821011.0,10799148337884.0,7492.404,5.617,5729.368,970.121,149.674,516.934,1183.054,462.386,9244.5,0.082
China,2009,1342522717.0,11572544299171.0,7881.491,5.871,6028.871,982.355,164.404,573.584,1197.731,441.753,9644.707,0.085
China,2010,1351561505.0,12858808500983.0,8610.048,6.37,6569.148,1092.572,199.585,628.658,1241.241,447.392,10308.954,0.089
China,2011,1360250658.0,13691526496125.0,9520.153,6.999,7309.64,1123.862,245.99,696.451,1323.284,453.959,11352.635,0.094
China,2012,1369520866.0,14773157494771.0,9767.311,7.132,7464.979,1176.716,277.599,702.562,1319.353,460.654,11526.329,0.098
China,2013,1379008040.0,15925464549520.0,9942.371,7.21,7493.418,1234.622,320.127,735.53,1330.891,461.947,11692.455,0.102
China,2014,1387951970.0,17103948867278.0,9976.027,7.188,7425.231,1255.609,370.222,757.115,1340.685,464.422,11689.33,0.107
China,2015,1396134171.0,18301224436466.0,9858.04,7.061,7266.352,1328.812,380.052,706.275,1341.393,466.877,11642.968,0.111
China,2016,1404052628.0,19545709173693.0,9748.175,6.943,7071.886,1357.842,421.726,728.112,1299.595,466.111,11382.781,0.116
China,2017,1412354730.0,20894362082435.0,10000.014,7.08,7163.662,1430.594,486.359,740.559,1319.021,463.766,11622.925,0.12
China,2018,1419008954.0,22294284747546.0,10346.79,7.292,7316.7,1500.478,575.369,752.743,1354.933,461.258,11989.896,0.125
China,2019,1423520357.0,23631941251482.0,10713.515,7.526,7522.577,1559.739,630.171,805.948,1373.722,453.971,12322.384,0.129
China,2020,1426106093.0,24151843898871.0,10896.521,7.641,7679.382,1523.058,676.473,828.71,1398.962,455.387,12524.051,0.134
China,2021,1426437269.0,26180600167672.0,11284.401,7.911,8004.203,1521.109,765.332,802.485,1450.486,465.801,12958.471,0.139
China,2022,1425179562.0,26966016991166.0,11711.808,8.218,8468.947,1559.721,773.225,718.777,1513.475,464.382,13446.92,0.144
China,2023,1422584930.0,,12172.009,8.556,8740.891,1729.58,828.897,681.688,1541.531,471.637,13934.404,0.15
China,2024,1419321284.0,,12289.037,8.658,8886.021,1705.386,889.406,617.752,1590.674,475.534,14107.007,0.155
France,1990,56990239.0,1636207672000.0,394.904,6.929,80.69,234.705,59.211,10.937,89.572,56.184,584.751,0.012
France,1991,57271564.0,1654070164992.0,419.119,7.318,86.241,246.275,66.875,10.386,89.053,61.6,638.377,0.012
France,1992,57554867.0,1681416991070.0,408.433,7.096,78.038,244.389,67.822,9.343,88.009,61.186,604.328,0.012
France,1993,57801261.0,1671995828699.0,388.89,6.728,63.127,240.498,67.969,8.592,86.831,60.278,557.99,0.012
France,1994,57999868.0,1712086429935.0,381.903,6.585,61.809,234.585,67.514,8.775,86.117,60.224,531.355,0.013
France,1995,58192207.0,1748659531786.0,386.959,6.65,62.977,237.37,68.705,8.635,86.018,62.741,523.819,0.013
France,1996,58380638.0,1773843233893.0,403.352,6.909,65.333,244.422,75.83,8.436,86.103,64.707,531.851,0.013
France,1997,58568662.0,1816394950229.0,396.023,6.762,61.29,242.028,75.104,8.111,84.949,59.002,506.372,0.013
France,1998,58778817.0,1882050330390.0,414.357,7.049,71.294,248.068,76.864,8.686,84.638,48.884,507.601,0.013
France,1999,59084209.0,1949849405155.0,413.07,6.991,66.41,248.521,80.748,8.386,84.365,46.538,495.177,0.013
France,2000,59483716.0,2031676031476.0,407.445,6.85,65.75,239.763,84.307,8.561,86.397,45.75,483.111,0.014
France,2001,59905131.0,2077786711965.0,411.592,6.871,56.1,249.573,88.43,8.655,86.257,45.098,478.636,0.014
France,2002,60327247.0,2107316572579.0,407.027,6.747,58.586,243.247,87.94,8.643,84.895,43.655,471.031,0.014
France,2003,60741119.0,2130940712046.0,412.989,6.799,59.198,245.064,91.624,8.556,83.604,43.394,476.792,0.014
France,2004,61175244.0,2196883540402.0,414.073,6.769,58.225,244.922,93.182,9.065,82.771,43.024,477.93,0.014
France,2005,61625031.0,2238790479440.0,416.343,6.756,62.032,241.908,94.862,9.108,81.853,41.533,477.956,0.014
France,2006,62049831.0,2297018080700.0,406.669,6.554,59.484,236.777,92.274,9.307,80.954,40.267,466.453,0.015
France,2007,62432438.0,2354672057875.0,396.461,6.35,61.349,227.452,89.101,9.478,80.865,40.849,457.941,0.015
France,2008,62780187.0,2362451821701.0,389.794,6.209,56.167,223.518,92.016,8.88,81.134,39.528,452.329,0.015
France,2009,63106460.0,2295352990111.0,371.404,5.885,45.161,219.508,90.665,7.679,79.836,37.994,433.117,0.015
France,2010,63417366.0,2342490492199.0,377.079,5.946,49.071,215.854,96.134,7.888,79.801,38.561,442.929,0.015
France,2011,63733776.0,2393401943613.0,355.127,5.572,42.169,208.907,87.85,8.065,77.433,37.287,417.796,0.015
France,2012,64058465.0,2400896391731.0,358.1,5.59,46.931,205.354,90.837,7.502,76.667,38.006,425.889,0.015
France,2013,64387736.0,2414733629218.0,360.013,5.591,49.664,204.287,91.386,7.3,76.53,38.844,432.705,0.016
France,2014,64692495.0,2437822780219.0,327.809,5.067,39.548,197.641,76.454,6.975,75.539,38.853,401.917,0.016
France,2015,64916337.0,2464953810985.0,332.131,5.116,38.024,199.231,81.392,6.606,74.128,39.571,407.676,0.016
France,2016,65086853.0,2491956183265.0,335.496,5.155,36.016,196.896,89.261,6.639,74.133,38.051,412.226,0.016
France,2017,65284775.0,2549057506683.0,338.368,5.183,39.997,195.911,89.406,6.483,73.88,39.445,427.92,0.016
France,2018,65519537.0,2596599107835.0,323.102,4.931,35.126,189.446,84.89,6.701,73.924,37.938,399.243,0.016
France,2019,65729460.0,2644453795826.0,316.321,4.812,29.426,187.285,86.387,6.807,71.514,37.29,413.097,0.016
France,2020,65905273.0,2438594133224.0,281.515,4.272,23.854,165.543,80.065,6.197,68.697,36.383,363.796,0.017
France,2021,66083547.0,2604822841790.0,307.272,4.65,30.472,179.122,85.402,6.495,67.554,36.343,387.602,0.017
France,2022,66277412.0,2671568767031.0,295.304,4.456,26.199,179.255,77.656,6.397,65.721,34.064,369.803,0.017
France,2023,66438828.0,,270.263,4.068,19.542,172.229,67.157,5.675,64.891,33.543,345.135,0.017
France,2024,66548532.0,,264.156,3.969,19.469,170.692,62.699,5.675,62.809,32.581,337.876,0.017
Germany,1990,79707963.0,2015547498359.0,1054.796,13.233,569.117,333.324,122.281,15.297,147.875,71.228,1261.087,0.03
Germany,1991,80303190.0,2141316417831.0,1016.93,12.664,504.043,355.311,130.146,13.741,141.408,72.755,1217.409,0.031
Germany,1992,80934901.0,2204952392823.0,969.464,11.978,454.311,357.981,129.3,14.444,134.432,69.867,1166.562,0.031
Germany,1993,81486771.0,2206290854718.0,959.386,11.774,430.776,364.629,136.252,14.531,129.106,66.722,1150.585,0.032
Germany,1994,81773613.0,2283952742009.0,943.228,11.535,418.185,353.812,142.15,15.341,124.623,70.541,1132.333,0.032
Germany,1995,82019890.0,2347761113534.0,939.934,11.46,406.046,351.7,152.97,15.562,123.309,67.194,1123.859,0.033
Germany,1996,82263195.0,2391519573153.0,959.69,11.666,400.613,361.057,169.956,14.811,120.015,69.28,1143.871,0.033
Germany,1997,82389631.0,2461046373781.0,931.508,11.306,386.864,353.069,162.876,15.275,115.562,66.371,1109.39,0.033
Germany,1998,82011933.0,2535903706522.0,923.499,11.261,377.48,351.914,165.377,15.545,109.806,51.343,1078.613,0.034
Germany,1999,81678279.0,2613176576967.0,895.442,10.963,360.052,340.846,165.627,15.771,106.765,49.72,1044.601,0.034
Germany,2000,81797255.0,2718560455818.0,898.976,10.99,373.461,330.774,166.421,15.253,100.75,49.641,1042.311,0.035
Germany,2001,81933882.0,2793373055251.0,915.255,11.171,376.52,338.871,173.799,13.504,96.953,47.462,1053.208,0.035
Germany,2002,82068328.0,2822441773260.0,898.834,10.952,375.786,324.413,173.61,12.823,93.47,46.377,1034.082,0.035
Germany,2003,82111619.0,2831676106520.0,894.501,10.894,378.305,313.847,176.587,13.507,90.241,45.183,1027.411,0.036
Germany,2004,82092706.0,2894624877966.0,876.57,10.678,374.908,301.208,174.327,14.068,87.161,44.703,1007.236,0.036
Germany,2005,82046733.0,2945460930734.0,867.88,10.578,361.975,305.188,175.904,13.05,84.118,43.785,994.287,0.037
Germany,2006,81701971.0,3086359147617.0,886.434,10.85,367.653,313.191,180.197,13.34,81.356,42.561,1010.108,0.037
Germany,2007,81298546.0,3220275669650.0,846.153,10.408,376.715,268.924,173.851,14.449,81.571,42.884,972.651,0.037
Germany,2008,81110780.0,3289020399474.0,856.643,10.561,353.581,296.43,180.995,13.579,79.662,41.268,978.997,0.038
Germany,2009,80935276.0,3136502162046.0,789.984,9.761,316.28,282.438,168.399,12.559,77.142,40.643,905.805,0.038
Germany,2010,80830916.0,3301123203586.0,826.705,10.228,341.311,277.154,184.875,12.431,76.001,40.97,944.315,0.039
Germany,2011,80857877.0,3467712967640.0,804.542,9.95,339.624,270.809,169.399,13.393,74.456,39.874,917.062,0.039
Germany,2012,80916391.0,3482225441398.0,814.093,10.061,350.039,271.945,167.84,13.289,73.017,40.136,928.365,0.039
Germany,2013,81041581.0,3497463140441.0,831.746,10.263,357.254,280.396,170.269,12.503,71.534,40.875,946.155,0.04
Germany,2014,81376078.0,3574741315261.0,792.584,9.74,344.722,271.603,151.989,12.905,70.317,41.641,905.698,0.04
Germany,2015,82077546.0,3628073946157.0,800.823,9.757,341.117,278.861,157.112,12.626,69.267,40.717,911.142,0.04
Germany,2016,82760102.0,3708979940863.0,797.988,9.642,329.436,275.704,169.169,12.663,67.725,39.922,907.177,0.041
Germany,2017,83104010.0,3808389445530.0,784.595,9.441,312.692,275.506,172.045,13.408,67.433,38.646,891.569,0.041
Germany,2018,83368507.0,3845758522294.0,758.771,9.101,296.871,268.094,169.76,13.228,65.036,37.497,859.214,0.041
Germany,2019,83559184.0,3886392581475.0,708.649,8.481,240.114,271.933,172.762,13.287,63.043,37.338,808.001,0.042
Germany,2020,83628711.0,3742721113842.0,647.177,7.739,198.53,254.465,170.963,13.357,61.045,36.143,743.816,0.042
Germany,2021,83697080.0,3841041747482.0,677.998,8.101,232.139,240.525,181.31,13.64,60.245,35.44,774.763,0.042
Germany,2022,84086227.0,3909612753939.0,667.843,7.942,239.428,247.017,158.685,12.538,58.913,34.338,759.795,0.043
Germany,2023,84548233.0,,593.766,7.023,186.157,237.487,150.342,10.765,57.44,33.064,683.559,0.043
Germany,2024,84552234.0,,572.319,6.769,162.639,232.958,157.679,10.283,56.136,32.159,659.655,0.043
India,1990,864972221.0,1750993000000.0,577.987,0.668,366.504,158.167,21.097,22.348,636.163,147.914,1526.914,0.016
India,1991,883927605.0,1768493598375.0,615.388,0.696,393.066,166.423,23.563,24.503,643.841,152.574,1561.427,0.016
India,1992,902957075.0,1851711465033.0,655.424,0.726,411.39,188.056,27.257,25.156,649.039,156.969,1632.941,0.016
India,1993,922118380.0,1944353884791.0,677.262,0.734,433.085,186.878,26.996,26.602,647.945,160.823,1638.294,0.017
India,1994,941163772.0,2055026658036.0,714.043,0.759,455.699,198.955,28.997,28.54,653.566,166.668,1675.792,0.017
India,1995,960301046.0,2189535837458.0,760.48,0.792,471.741,216.281,39.051,31.104,661.917,170.235,1712.603,0.017
India,1996,979678460.0,2345228680352.0,823.602,0.841,504.479,243.161,39.747,34.079,668.736,175.108,1817.629,0.018
India,1997,999133764.0,2426804815330.0,857.976,0.859,527.685,244.203,46.024,37.418,676.001,179.75,1831.317,0.018
India,1998,1018665080.0,2567853125008.0,875.783,0.86,524.136,262.892,47.595,39.026,679.577,183.609,1855.813,0.019
India,1999,1038225822.0,2710353015518.0,961.194,0.926,560.465,301.469,52.619,44.592,684.029,187.064,1939.573,0.019
India,2000,1057922731.0,2804478499774.0,987.065,0.933,572.903,313.441,52.791,45.957,685.316,183.787,2005.885,0.02
India,2001,1077898579.0,2940745466088.0,1001.198,0.929,582.111,317.363,53.128,46.74,689.962,186.588,2000.273,0.02
India,2002,1097600380.0,3024984520809.0,1032.75,0.941,598.539,325.889,57.609,49.111,683.408,180.288,1994.045,0.021
India,2003,1116803000.0,3251114494190.0,1068.398,0.957,625.833,331.333,58.565,50.88,695.315,186.553,2059.556,0.021
India,2004,1135991509.0,3495022816540.0,1134.611,0.999,669.993,348.992,58.316,55.545,705.392,193.083,2129.202,0.022
India,2005,1154676321.0,3752627653422.0,1195.393,1.035,721.496,353.15,59.357,59.687,721.894,201.701,2205.413,0.022
India,2006,1172878888.0,4069856052453.0,1293.321,1.103,773.551,370.544,82.58,64.905,733.283,211.708,2324.594,0.023
India,2007,1190676028.0,4403215224414.0,1393.485,1.17,842.536,392.818,87.956,68.333,749.827,222.493,2485.674,0.024
India,2008,1207930960.0,4649548164533.0,1490.366,1.234,910.753,414.204,90.277,73.245,764.115,227.304,2641.331,0.024
India,2009,1225524764.0,4993478894185.0,1613.328,1.316,983.947,433.771,112.463,81.268,762.322,233.941,2738.05,0.025
India,2010,1243481565.0,5361371354007.0,1678.53,1.35,1015.983,440.692,134.121,86.029,769.342,242.128,2848.131,0.026
India,2011,1261224956.0,5720692888000.0,1765.695,1.4,1074.385,461.37,135.977,91.314,781.037,251.811,2950.343,0.027
India,2012,1278674501.0,6052427493607.0,1926.986,1.507,1206.452,491.148,125.558,100.237,783.911,254.287,3164.01,0.028
India,2013,1295829507.0,6424470752490.0,1995.337,1.54,1276.383,498.314,109.554,107.82,758.221,255.623,3124.772,0.029
India,2014,1312277184.0,6875186158349.0,2148.052,1.637,1407.057,513.84,107.801,115.825,765.858,259.789,3216.867,0.03
India,2015,1328024494.0,7391521519812.0,2231.817,1.681,1449.587,557.523,103.062,117.508,773.451,263.334,3290.423,0.031
India,2016,1343944296.0,8057465593010.0,2352.54,1.75,1499.401,616.112,109.989,123.281,781.626,262.254,3365.011,0.032
India,2017,1359657398.0,8550029645172.0,2425.722,1.784,1551.256,634.116,116.479,121.047,786.601,267.236,3415.989,0.033
India,2018,1374659067.0,9173201683791.0,2595.227,1.888,1668.318,658.715,126.74,138.965,800.125,275.219,3616.201,0.034
India,2019,1389030307.0,9595463242427.0,2611.175,1.88,1661.94,677.884,125.233,143.664,800.179,282.638,3613.001,0.035
India,2020,1402617694.0,8945313249462.0,2422.732,1.727,1561.799,607.535,127.684,122.908,807.835,289.398,3436.429,0.036
India,2021,1414203896.0,9801621018003.0,2675.778,1.892,1767.297,623.485,133.192,149.033,821.053,290.389,3697.615,0.037
India,2022,1425423209.0,10476248645535.0,2831.132,1.986,1855.854,684.014,124.009,164.331,835.674,298.332,3869.995,0.039
India,2023,1438069597.0,,3062.756,2.13,2032.048,718.183,132.42,177.239,847.637,305.944,4121.424,0.04
India,2024,1450935785.0,,3193.478,2.201,2108.033,747.333,149.352,185.97,859.294,310.004,4262.411,0.041
Japan,1990,123399767.0,3699821545804.0,1154.853,9.359,311.242,668.244,118.288,38.701,53.876,31.508,1228.267,0.015
Japan,1991,123889870.0,3824677506935.0,1166.552,9.416,311.216,670.611,126.442,40.347,53.76,32.029,1236.136,0.016
Japan,1992,124383707.0,3856515730401.0,1175.454,9.45,305.863,683.298,127.887,41.666,53.397,33.762,1246.271,0.016
Japan,1993,124839955.0,3860865231367.0,1169.328,9.367,311.471,669.613,130.679,41.224,52.861,34.202,1240.835,0.017
Japan,1994,125286861.0,3893220587047.0,1223.158,9.763,319.196,708.422,137.127,42.297,53.024,36.875,1296.694,0.017
Japan,1995,125672659.0,3997430939864.0,1235.873,9.834,328.968,706.1,142.071,42.142,51.707,37.057,1306.026,0.018
Japan,1996,125975304.0,4118875121023.0,1248.69,9.912,337.797,703.974,147.814,42.56,49.944,39.645,1323.474,0.018
Japan,1997,126265926.0,4160709430865.0,1240.98,9.828,343.384,688.639,152.482,39.926,47.668,39.248,1306.708,0.019
Japan,1998,126549182.0,4111245191910.0,1201.334,9.493,321.286,673.057,155.8,35.363,45.108,39.51,1268.279,0.019
Japan,1999,126801566.0,4098283065888.0,1238.121,9.764,339.156,682.654,165.305,35.01,43.951,36.913,1297.199,0.02
Japan,2000,127027794.0,4209651870326.0,1260.203,9.921,365.732,672.759,170.07,35.086,42.953,28.387,1320.89,0.02
Japan,2001,127260144.0,4224163277272.0,1245.935,9.79,374.745,651.363,169.164,34.374,41.539,27.876,1296.37,0.021
Japan,2002,127484599.0,4226576076119.0,1275.42,10.005,392.048,662.164,173.01,32.417,40.553,27.141,1320.563,0.022
Japan,2003,127671254.0,4288493482445.0,1283.845,10.056,405.725,652.177,178.304,31.935,39.714,26.888,1327.355,0.022
Japan,2004,127815769.0,4380398118363.0,1279.122,10.008,413.614,640.898,177.22,31.276,39.444,26.437,1320.234,0.023
Japan,2005,127913331.0,4450600710060.0,1286.412,10.057,424.188,637.796,175.651,32.28,38.946,25.514,1329.97,0.023
Japan,2006,127997247.0,4514225078439.0,1263.44,9.871,421.175,601.046,192.295,31.991,38.588,24.617,1303.416,0.024
Japan,2007,128087683.0,4590814009043.0,1298.974,10.141,438.589,603.408,208.764,30.658,38.629,24.378,1341.75,0.024
Japan,2008,128155992.0,4542408020234.0,1228.687,9.587,420.311,559.258,204.133,28.553,36.215,22.507,1269.168,0.025
Japan,2009,128192471.0,4298103109270.0,1160.253,9.051,406.014,512.779,201.885,25.308,35.8,20.883,1193.447,0.025
Japan,2010,128185273.0,4480295644398.0,1211.09,9.448,440.141,517.853,212.989,24.321,35.999,21.472,1245.828,0.026
Japan,2011,128096430.0,4468738319171.0,1261.181,9.846,424.824,548.593,247.537,24.983,34.923,20.542,1303.186,0.027
Japan,2012,127928283.0,4530172048567.0,1302.113,10.178,444.259,560.109,256.681,25.625,34.064,20.55,1344.788,0.027
Japan,2013,127723642.0,4621006950566.0,1311.876,10.271,475.299,537.861,256.133,26.805,33.943,20.689,1351.01,0.028
Japan,2014,127486601.0,4634693421103.0,1260.272,9.886,466.617,493.206,258.215,26.557,32.739,20.287,1300.116,0.028
Japan,2015,127275868.0,4707025000790.0,1219.982,9.585,460.158,472.952,246.091,25.936,31.983,19.924,1259.684,0.029
Japan,2016,127159950.0,4742508721138.0,1199.933,9.436,451.654,456.462,251.202,25.969,31.677,19.71,1239.427,0.029
Japan,2017,127064686.0,4821960242931.0,1184.392,9.321,453.724,444.288,245.323,26.429,31.599,19.825,1228.575,0.03
Japan,2018,126913432.0,4852985093686.0,1138.55,8.971,436.723,427.785,233.524,26.183,30.936,19.324,1183.457,0.03
Japan,2019,126699421.0,4833467877373.0,1102.063,8.698,427.648,411.853,223.805,25.328,30.323,19.139,1142.432,0.031
Japan,2020,126304533.0,4626661481209.0,1037.285,8.213,395.042,383.172,222.213,24.49,29.722,18.744,1080.603,0.031
Japan,2021,125679342.0,4725883595048.0,1058.502,8.422,421.464,387.738,211.747,24.396,29.54,19.058,1105.302,0.032
Japan,2022,124997585.0,4774494846664.0,1029.645,8.237,403.623,388.925,202.025,22.479,29.664,18.568,1077.863,0.032
Japan,2023,124370947.0,,986.91,7.935,386.839,370.823,196.44,20.756,28.977,17.997,1031.841,0.033
Japan,2024,123753041.0,,961.867,7.772,380.972,353.593,195.299,20.304,28.82,17.964,1007.159,0.033
United Kingdom,1990,57367867.0,1505692258761.0,601.945,10.493,252.69,217.8,113.518,7.295,134.691,39.553,784.056,0.028
United Kingdom,1991,57555199.0,1488075367051.0,609.413,10.588,253.623,218.39,121.693,5.994,137.452,38.737,792.385,0.028
United Kingdom,1992,57719273.0,1491752084171.0,593.846,10.289,237.747,218.447,122.296,5.456,132.882,37.918,762.51,0.029
United Kingdom,1993,57861037.0,1527509015289.0,579.613,10.017,207.686,219.163,137.591,5.525,128.387,37.636,745.05,0.029
United Kingdom,1994,58003200.0,1585373248060.0,574.017,9.896,195.376,215.736,145.455,6.368,122.816,37.358,736.747,0.029
United Kingdom,1995,58154632.0,1623858039641.0,566.159,9.735,181.699,211.595,154.254,6.285,126.429,37.027,741.1,0.029
United Kingdom,1996,58298563.0,1663446715470.0,586.761,10.065,173.072,216.892,177.543,6.416,124.823,37.936,764.923,0.03
United Kingdom,1997,58447091.0,1713864597603.0,562.708,9.628,154.729,207.743,182.887,6.71,122.622,36.887,731.147,0.03
United Kingdom,1998,58626822.0,1766619867063.0,568.544,9.698,154.088,204.934,191.361,6.838,114.569,36.63,722.015,0.03
United Kingdom,1999,58838663.0,1823341961805.0,561.65,9.546,138.313,201.663,205.231,6.531,106.575,37.565,706.621,0.03
United Kingdom,2000,59057333.0,1889565292321.0,569.034,9.635,144.443,198.238,210.131,6.332,100.304,35.664,710.466,0.031
United Kingdom,2001,59288095.0,1939268312671.0,577.971,9.749,153.534,198.651,210.16,5.844,97.011,34.326,715.181,0.031
United Kingdom,2002,59540764.0,1983994308619.0,560.273,9.41,141.691,196.13,207.03,5.988,92.26,33.997,693.542,0.031
United Kingdom,2003,59820385.0,2050625402735.0,571.619,9.556,153.103,194.397,208.462,5.868,87.62,33.598,701.843,0.031
United Kingdom,2004,60169964.0,2099526641365.0,573.43,9.53,147.662,197.952,211.734,5.977,83.165,33.456,701.971,0.032
United Kingdom,2005,60596107.0,2161729510824.0,570.338,9.412,148.033,200.448,205.438,5.941,76.798,32.053,714.9,0.032
United Kingdom,2006,61051093.0,2212618867772.0,567.846,9.301,160.844,197.183,194.126,5.893,71.09,31.329,695.775,0.032
United Kingdom,2007,61535859.0,2267631534502.0,559.566,9.093,150.844,196.16,196.52,6.117,66.371,31.065,677.496,0.033
United Kingdom,2008,62027303.0,2252034759561.0,544.932,8.785,139.219,188.8,202.655,5.205,61.309,30.562,652.777,0.033
United Kingdom,2009,62506222.0,2151479208521.0,494.108,7.905,113.823,180.264,188.07,3.721,58.192,29.219,595.137,0.033
United Kingdom,2010,63006482.0,2190919919855.0,511.905,8.125,118.03,179.848,201.927,3.792,53.283,29.91,608.752,0.033
United Kingdom,2011,63509285.0,2223011392593.0,469.713,7.396,117.15,172.06,168.236,4.097,51.071,29.747,565.547,0.033
United Kingdom,2012,63960488.0,2255210551431.0,487.477,7.622,148.005,170.288,158.24,3.724,49.958,29.807,584.893,0.034
United Kingdom,2013,64389386.0,2296252599482.0,477.611,7.418,142.457,165.756,157.622,4.029,47.803,29.747,571.726,0.034
United Kingdom,2014,64865914.0,2369725553442.0,438.807,6.765,115.434,166.511,144.492,4.215,46.74,30.524,530.834,0.034
United Kingdom,2015,65382107.0,2426435869267.0,422.461,6.461,91.548,170.773,147.899,4.393,46.304,30.518,518.771,0.034
United Kingdom,2016,65893359.0,2478973016876.0,399.43,6.062,47.825,173.93,165.742,4.553,45.942,30.209,494.14,0.034
United Kingdom,2017,66354473.0,2539548543933.0,387.367,5.838,39.129,174.851,161.697,4.41,46.574,30.525,477.853,0.035
United Kingdom,2018,66752473.0,2582848171416.0,379.73,5.689,33.28,173.087,161.485,4.364,46.395,30.151,475.272,0.035
United Kingdom,2019,67110958.0,2624285076706.0,364.753,5.435,24.513,168.996,159.321,4.448,45.686,30.285,453.993,0.035
United Kingdom,2020,67351860.0,2334804059780.0,326.263,4.844,22.809,143.981,149.42,3.9,44.528,28.932,411.774,0.035
United Kingdom,2021,67668788.0,2512190098029.0,342.366,5.059,23.758,149.626,158.503,4.215,44.922,29.73,425.768,0.035
United Kingdom,2022,68179315.0,2615230634906.0,311.118,4.563,19.979,146.334,135.047,4.045,44.674,28.922,392.132,0.035
United Kingdom,2023,68682965.0,,307.826,4.482,17.914,154.684,125.766,3.515,44.023,28.327,386.611,0.036
United Kingdom,2024,69138185.0,,312.906,4.526,16.948,159.6,126.62,3.624,43.812,28.062,390.275,0.036
United States,1990,253373387.0,9250377579093.0,5131.761,20.254,1781.824,2139.346,1004.975,33.484,865.684,250.736,6489.288,0.161
United States,1991,256471424.0,9224688313722.0,5076.413,19.793,1764.221,2082.099,1023.332,32.736,858.307,247.286,6393.464,0.163
United States,1992,259606021.0,9552658514601.0,5178.77,19.949,1780.599,2130.489,1058.593,32.993,861.007,254.862,6464.021,0.166
United States,1993,262633229.0,9814940456277.0,5279.52,20.102,1847.292,2144.156,1090.166,34.838,860.638,257.667,6552.8,0.168
United States,1994,265474811.0,10211204686187.0,5361.863,20.197,1855.938,2181.844,1114.334,36.31,866.237,266.861,6686.332,0.171
United States,1995,268205796.0,10488856843750.0,5425.837,20.23,1875.787,2174.303,1163.186,37.075,849.756,266.609,6642.142,0.173
United States,1996,270860695.0,10886952373500.0,5601.094,20.679,1951.815,2257.023,1181.318,37.309,843.439,273.587,6806.676,0.176
United States,1997,273468014.0,11375561318703.0,5673.144,20.745,1992.723,2273.815,1186.717,38.561,839.523,272.127,6885.409,0.178
United States,1998,276119323.0,11881792533609.0,5736.36,20.775,2018.609,2320.08,1165.559,39.461,823.264,270.791,6926.782,0.181
United States,1999,278785482.0,12438444530000.0,5800.281,20.806,2013.12,2374.201,1168.759,40.239,809.276,268.957,7014.896,0.184
United States,2000,281484126.0,12947417795437.0,6023.158,21.398,2122.34,2440.405,1227.529,41.445,799.68,268.434,7217.24,0.186
United States,2001,284279634.0,13073810008320.0,5903.562,20.767,2054.729,2448.622,1173.162,41.613,776.109,261.563,6976.344,0.189
United States,2002,287084335.0,13307343638671.0,5947.819,20.718,2060.072,2443.823,1212.087,43.164,757.572,257.693,7059.111,0.192
United States,2003,289908091.0,13680911930765.0,6006.44,20.718,2100.323,2505.134,1176.551,43.349,764.525,263.692,7245.448,0.195
United States,2004,292786248.0,14198910513593.0,6111.545,20.874,2115.293,2571.107,1177.528,45.886,765.332,263.281,7314.667,0.198
United States,2005,295716666.0,14673826218839.0,6126.903,20.719,2139.954,2584.13,1160.661,46.194,772.655,261.767,7428.8,0.2
United States,2006,298730208.0,15065164240312.0,6045.326,20.237,2103.871,2550.54,1146.714,46.851,785.023,265.772,7064.877,0.203
United States,2007,301844223.0,15333183877566.0,6121.542,20.28,2130.169,2538.968,1221.593,45.509,793.939,266.411,7181.516,0.206
United States,2008,304970325.0,15288552732632.0,5919.221,19.409,2096.888,2370.623,1229.733,41.416,810.64,254.756,7074.333,0.209
United States,2009,308023452.0,14864003344421.0,5486.104,17.811,1842.392,2243.79,1211.966,29.615,772.483,250.126,6577.918,0.211
United States,2010,311062785.0,15239586726210.0,5669.25,18.225,1946.51,2258.293,1266.778,31.449,756.187,256.39,6823.523,0.214
United States,2011,314105075.0,15477885525000.0,5538.973,17.634,1840.243,2212.686,1287.589,32.208,764.383,255.979,6523.64,0.216
United States,2012,317115349.0,15830886903539.0,5331.467,16.812,1625.427,2152.244,1344.719,35.27,749.641,249.914,6388.708,0.219
United States,2013,320110752.0,16122472460312.0,5473.436,17.099,1684.672,2178.417,1381.183,36.369,748.067,254.243,6488.665,0.221
United States,2014,323115377.0,16491319003554.0,5531.385,17.119,1682.162,2210.569,1411.355,39.439,763.215,252.467,6610.767,0.224
United States,2015,326126496.0,16937633974582.0,5368.497,16.461,1446.99,2235.988,1444.047,39.907,754.889,249.664,6408.286,0.226
United States,2016,329179423.0,17220065720000.0,5245.362,15.935,1319.993,2252.27,1451.146,39.439,733.371,251.182,6308.617,0.228
United States,2017,332204657.0,17606124654726.0,5195.417,15.639,1277.049,2259.157,1424.996,40.324,749.256,247.069,6319.225,0.231
United States,2018,335056492.0,18124692769570.0,5361.236,16.001,1224.38,2305.441,1577.716,38.971,777.6,249.199,6466.737,0.233
United States,2019,337790069.0,18540552700117.0,5235.912,15.5,1043.896,2299.82,1632.056,40.896,799.062,244.477,6360.787,0.236
United States,2020,339436156.0,18027359681343.0,4689.954,13.817,853.925,1991.579,1612.504,40.688,761.174,241.329,5758.456,0.238
United States,2021,340161438.0,19099378164000.0,5020.111,14.758,979.504,2182.605,1617.424,41.312,789.44,244.912,6131.129,0.24
United States,2022,341534041.0,19493170182843.0,5055.403,14.802,916.343,2198.937,1707.391,41.884,801.907,241.442,6201.504,0.242
United States,2023,343477330.0,,4918.407,14.319,758.572,2199.111,1723.424,40.636,819.061,239.774,6078.455,0.245
United States,2024,345426566.0,,4904.12,14.197,732.886,2189.161,1748.138,37.271,818.348,239.599,6054.308,0.247
World,1990,5327803106.0,43033605109062.0,22732.145,4.267,8659.787,9196.439,3790.182,492.522,7320.985,2266.202,37574.773,0.67
World,1991,5418735886.0,,23205.592,4.282,8574.09,9656.487,3851.52,504.694,7265.909,2263.283,37889.742,0.683
World,1992,5505989815.0,,22520.424,4.09,8361.174,9154.655,3901.366,525.922,7268.79,2271.714,37455.109,0.696
World,1993,5591544802.0,,22749.873,4.069,8470.028,9172.321,4007.804,549.567,7261.674,2256.92,37427.73,0.708
World,1994,5675551258.0,,22974.598,4.048,8513.747,9196.235,4040.174,586.744,7336.296,2286.923,38666.152,0.721
World,1995,5758878977.0,,23516.639,4.084,8758.441,9283.901,4196.848,620.204,7426.246,2342.963,38933.977,0.734
World,1996,5842055730.0,,24233.477,4.148,8976.964,9562.137,4381.599,633.559,7512.808,2393.537,39997.945,0.748
World,1997,5924787819.0,,24380.322,4.115,8927.3,9702.211,4395.058,658.829,7485.23,2350.142,41519.98,0.762
World,1998,6007066691.0,,24295.713,4.045,8689.001,9821.975,4443.504,656.596,7419.233,2378.566,40128.703,0.776
World,1999,6089006328.0,,24837.771,4.079,8809.093,10064.188,4586.166,688.047,7436.038,2398.701,40450.992,0.79
World,2000,6171702992.0,59897670914608.0,25511.482,4.134,9156.638,10211.624,4727.823,718.165,7544.741,2390.251,40795.379,0.804
World,2001,6254936464.0,,25692.994,4.108,9208.429,10283.57,4771.715,750.748,7523.762,2385.423,40260.363,0.817
World,2002,6337730343.0,,26265.332,4.144,9630.182,10269.353,4913.652,779.004,7480.677,2402.932,41423.414,0.831
World,2003,6420361633.0,,27652.691,4.307,10466.565,10540.85,5096.196,857.435,7668.747,2419.463,44206.871,0.847
World,2004,6503377774.0,,28610.023,4.399,10813.392,10924.574,5257.67,895.93,7809.036,2487.873,44421.227,0.862
World,2005,6586970132.0,,29598.951,4.494,11498.5,11030.305,5376.289,966.776,7929.648,2510.292,45006.918,0.878
World,2006,6671452019.0,,30594.152,4.586,12136.238,11142.928,5531.006,1047.294,8057.693,2546.306,46217.527,0.894
World,2007,6757308776.0,,31499.256,4.662,12724.451,11184.312,5736.637,1126.199,8108.338,2612.956,46734.879,0.91
World,2008,6844457659.0,,32049.66,4.683,13149.669,11143.34,5905.5,1137.397,8177.437,2582.949,47666.078,0.927
World,2009,6932766416.0,,31513.014,4.546,13003.172,10899.597,5765.684,1170.606,8124.256,2552.738,47682.02,0.943
World,2010,7021732143.0,89807710403740.0,33317.672,4.745,13918.224,11253.694,6205.78,1251.813,8257.109,2617.387,49602.09,0.961
World,2011,7110923773.0,,34479.988,4.849,14704.223,11310.148,6389.33,1344.747,8498.255,2703.093,50934.176,0.979
World,2012,7201202478.0,,34954.734,4.854,14867.802,11432.716,6523.143,1377.354,8568.392,2717.485,51787.148,0.997
World,2013,7291793585.0,,35275.82,4.838,14953.153,11516.626,6573.116,1441.334,8520.598,2700.372,51689.281,1.015
World,2014,7381616239.0,,35465.695,4.805,15014.883,11561.832,6604.976,1492.451,8601.788,2733.968,52086.367,1.033
World,2015,7470491876.0,106871829405667.0,35403.527,4.739,14655.017,11770.022,6728.989,1440.666,8616.349,2741.356,52119.312,1.052
World,2016,7558554527.0,110407200853028.0,35392.832,4.682,14322.989,11900.264,6914.85,1476.147,8652.835,2759.229,51013.094,1.07
World,2017,7645617952.0,114529588369027.0,35974.609,4.705,14494.168,12085.292,7084.615,1499.947,8797.017,2814.724,51702.664,1.088
World,2018,7729902779.0,118765812557841.0,36734.004,4.752,14762.694,12142.828,7419.413,1546.849,8935.43,2814.039,52139.289,1.106
World,2019,7811293699.0,122149370355621.0,37086.566,4.748,14702.956,12325.908,7574.056,1615.727,9008.441,2819.104,52571.34,1.124
World,2020,7887001289.0,118590021803593.0,35158.23,4.458,14267.035,10932.342,7520.82,1624.052,8903.343,2852.967,50601.266,1.142
World,2021,7954448387.0,126004793520756.0,36866.863,4.635,14969.249,11513.166,7878.698,1666.885,9089.303,2895.432,52639.844,1.16
World,2022,8021407196.0,130112562171125.0,37527.773,4.678,15449.177,11914.912,7758.746,1578.739,9278.556,2881.229,53515.586,1.179
World,2023,8091734933.0,,38094.039,4.708,15636.373,12278.241,7802.845,1540.286,9416.93,2911.154,54092.184,1.197
World,2024,8161972574.0,,38598.578,4.729,15805.254,12470.596,8009.828,1472.818,9498.914,2935.779,54433.398,1.216
